{
  "default": {
    "cmbcnst"       : 17.4e+6,
    "fueldens"      : 31.21,
    "fueldepthm"    : 1.8,
    "savr"          : 1752.6
  },
  "f1": {
    "fgi"           : 0.375,
    "fgi_t"         : 0.969
  },
  "f2": {
    "fgi"           : 0.387,
    "fgi_t"         : 1.312
  },
  "f3": {
    "fgi"           : 0.379,
    "fgi_t"         : 1.656
  },
  "f4": {
    "fgi"           : 0.496,
    "fgi_t"         : 1.87
  },
  "f5": {
    "fgi"           : 0.298,
    "fgi_t"         : 1.239
  },
  "f6": {
    "fgi"           : 0.249,
    "fgi_t"         : 1.082
  }
}
